{"cameraMode":{"drawMode":0,"name":"Shaded","section":"Shading Mode"},"sceneLighting":false,"audioPlay":false,"sceneViewState":{"m_AlwaysRefresh":false,"showFog":true,"showSkybox":true,"showFlares":true,"showImageEffects":true,"showParticleSystems":true,"showVisualEffectGraphs":true,"m_FxEnabled":true},"in2DMode":false,"pivot":{"x":-13.00544261932373,"y":268.15765380859377,"z":968.8292236328125},"rotation":{"x":0.0017624407773837448,"y":-0.9872801899909973,"z":0.15862734615802766,"w":0.010965772904455662},"size":0.02771923877298832,"orthographic":false}