{"cameraMode":{"drawMode":0,"name":"Shaded","section":"Shading Mode"},"sceneLighting":false,"audioPlay":false,"sceneViewState":{"m_AlwaysRefresh":false,"showFog":true,"showSkybox":true,"showFlares":true,"showImageEffects":true,"showParticleSystems":true,"showVisualEffectGraphs":true,"m_FxEnabled":true},"in2DMode":false,"pivot":{"x":-0.40000152587890627,"y":-13.799999237060547,"z":63.25990295410156},"rotation":{"x":-0.05880596116185188,"y":-0.7532920837402344,"z":-0.06795947253704071,"w":0.6515624523162842},"size":26.447689056396486,"orthographic":false}