{"cameraMode":{"drawMode":0,"name":"Shaded","section":"Shading Mode"},"sceneLighting":false,"audioPlay":false,"sceneViewState":{"m_AlwaysRefresh":false,"showFog":true,"showSkybox":true,"showFlares":true,"showImageEffects":true,"showParticleSystems":true,"showVisualEffectGraphs":true,"m_FxEnabled":true},"in2DMode":false,"pivot":{"x":-13.41108512878418,"y":2.8066444396972658,"z":3.7555103302001955},"rotation":{"x":-0.1367955207824707,"y":-0.43575429916381838,"z":0.06721209734678269,"w":-0.8870810270309448},"size":27.430469512939454,"orthographic":false}