{"cameraMode":{"drawMode":0,"name":"Shaded","section":"Shading Mode"},"sceneLighting":true,"audioPlay":false,"sceneViewState":{"m_AlwaysRefresh":false,"showFog":true,"showSkybox":true,"showFlares":true,"showImageEffects":true,"showParticleSystems":true,"showVisualEffectGraphs":true,"m_FxEnabled":true},"in2DMode":false,"pivot":{"x":226.60897827148438,"y":108.2525634765625,"z":82.12211608886719},"rotation":{"x":0.38406503200531008,"y":-0.08567944169044495,"z":0.03582165017724037,"w":0.9186266660690308},"size":233.1832733154297,"orthographic":true}